tecnica,n_registros,repeticiones,tiempo_construccion_seg,tiempo_construccion_seg_std,tiempo_igualdad_seg,tiempo_igualdad_seg_std,tiempo_rango_seg,tiempo_rango_seg_std,tiempo_orden_seg,tiempo_orden_seg_std,espacio_total_bytes,espacio_total_bytes_std,espacio_adicional_bytes,espacio_adicional_bytes_std,memoria_estimada_bytes,memoria_estimada_bytes_std,tiempo_actualizaciones_seg,tiempo_actualizaciones_seg_std
B+ agrupado,1000,3,0.6336379332933575,0.1085730226975665,0.027579333322743576,0.00506999490160871,0.020796299912035465,0.002436649716649414,0.005363433233772715,0.0023264851975854485,73728.0,0.0,28672.0,0.0,NA,NA,1.0351238667499274,0.11040830954684953
B+ no agrupado,1000,3,1.1948242333407204,0.23159396938616442,0.06488600000739098,0.01779226108886264,0.040387133291612066,0.0058429552665786085,0.01702286667811374,0.001429732627057142,73728.0,0.0,28672.0,0.0,NA,NA,1.3557999000574152,0.14293795859418426
Extendible Hash,1000,3,0.03732809990954896,0.0045280470505520585,0.004792899979899327,0.0006134885397772253,NA,NA,0.04688809998333454,0.0075333558581415876,62935.0,0.0,17879.0,0.0,239391.66666666666,468.82548281139043,0.29124699998646975,0.0558183029873741
B+ agrupado,10000,3,6.92178953338104,0.37949755987056544,0.0372317999911805,0.011437476890777135,0.022653066630785663,0.005083391346369396,0.04604160009572903,0.00222918087407815,663552.0,0.0,245760.0,0.0,NA,NA,1.0493075666793932,0.2189862678873868
B+ no agrupado,10000,3,12.028476066732159,1.7593457136557522,0.07503403335188825,0.010805575582133076,0.06406719990385075,0.02535681292947239,0.22413750000608465,0.021215048504317168,684032.0,0.0,266240.0,0.0,NA,NA,1.3280607999768108,0.11686649705535564
Extendible Hash,10000,3,0.6180194000868747,0.07312038103393666,0.0091215999952207,0.000901167960338171,NA,NA,1.1110598999075592,0.1909940002676578,614870.0,0.0,197078.0,0.0,2380781.0,8.0,0.21819366669903198,0.013890262694454151
B+ agrupado,100000,3,89.61148550004388,14.934035159730705,0.0460117666516453,0.019309280185104204,0.022893133340403438,0.008396959581923913,0.49897243338637054,0.1870349735239543,6496256.0,0.0,2355200.0,0.0,NA,NA,1.255614999992152,0.2921696705248751
B+ no agrupado,100000,3,168.79826970002614,19.417003590593048,0.0987638666604956,0.021543274940376174,0.0687539999683698,0.021613037935027904,3.742782866659885,0.8556308454145866,6352896.0,0.0,2211840.0,0.0,NA,NA,1.8246009333524853,0.01489569243838212
Extendible Hash,100000,3,8.0019057666262,0.8522639877773303,0.010252633364871144,0.002157916492130924,NA,NA,12.53608866664581,2.0403120330299616,6310035.0,0.0,2168979.0,0.0,23793261.0,8.0,1.276939033375432,0.29436471036030776
