tecnica,n_registros,tiempo_construccion_seg,tiempo_snapshot_seg,tiempo_igualdad_seg,tiempo_rango_seg,tiempo_orden_seg,espacio_total_bytes,espacio_adicional_bytes,memoria_estimada_bytes,tiempo_actualizaciones_seg
B+ agrupado,1000,1.1160685000941157,NA,0.0661668002139777,0.029742399929091334,0.008352600038051605,73728,28672,NA,2.184817000059411
B+ no agrupado,1000,1.4013891001231968,NA,0.08865659986622632,0.10186819988302886,0.0523868000600487,73728,28672,NA,2.2200870998203754
Extendible Hash,1000,0.044330800184980035,0.016182100167497993,0.01057099993340671,NA,0.08646550006233156,62935,17879,239933,0.48147650016471744
B+ agrupado,1000,0.8601730999071151,NA,0.04540800000540912,0.025092299794778228,0.004609700059518218,73728,28672,NA,1.548076800070703
B+ no agrupado,1000,1.49717770004645,NA,0.10931720002554357,0.14897300000302494,0.08318709977902472,73728,28672,NA,2.1625813997816294
Extendible Hash,1000,0.043819200014695525,0.01385460002347827,0.011191500118002295,NA,0.06697880011051893,62935,17879,239125,0.6962504999246448
B+ agrupado,1000,0.9686449998989701,NA,0.07249819999560714,0.03194390004500747,0.00786300003528595,73728,28672,NA,1.650340599939227
B+ no agrupado,1000,1.5956034997943789,NA,0.08768650004640222,0.07693510013632476,0.02776710013858974,73728,28672,NA,2.4124451000243425
Extendible Hash,1000,0.046152800088748336,0.01594970002770424,0.006758600007742643,NA,0.06172520015388727,62935,17879,239117,0.38031210005283356
B+ agrupado,10000,10.406304300064221,NA,0.05963569995947182,0.025843999814242125,0.05718380003236234,663552,245760,NA,1.6637848000973463
B+ no agrupado,10000,17.125604500062764,NA,0.10632720007561147,0.15013909991830587,0.43970919982530177,684032,266240,NA,2.0761172000784427
Extendible Hash,10000,0.6591197000816464,0.13294719997793436,0.009303199825808406,NA,1.7266986998729408,614870,197078,2380789,0.2138026999309659
B+ agrupado,10000,11.30853689997457,NA,0.05928679998032749,0.032623899867758155,0.05546820000745356,663552,245760,NA,1.435621399898082
B+ no agrupado,10000,17.42298770020716,NA,0.081551400013268,0.0780928002204746,0.33699929993599653,684032,266240,NA,2.0514744999818504
Extendible Hash,10000,0.6351832998916507,0.12310869991779327,0.007980699883773923,NA,1.5064020999707282,614870,197078,2380781,0.261012899922207
B+ agrupado,10000,10.283962100045756,NA,0.049743699841201305,0.022944499971345067,0.05889360001310706,663552,245760,NA,1.4807967999950051
B+ no agrupado,10000,18.124643299961463,NA,0.08141330000944436,0.11897000018507242,0.508872700156644,684032,266240,NA,2.18093020003289
Extendible Hash,10000,0.8081169000361115,0.20347209996543825,0.01182299992069602,NA,1.335428399965167,614870,197078,2380773,0.3118553999811411
B+ agrupado,100000,120.66629730002023,NA,0.09325210005044937,0.03093399992212653,0.7059180000796914,6496256,2355200,NA,1.4590338999405503
B+ no agrupado,100000,227.9924928001128,NA,0.1252474000211805,0.09843500005081296,5.42320269998163,6352896,2211840,NA,3.127936099888757
Extendible Hash,100000,11.369545700028539,1.428998100105673,0.013758700108155608,NA,18.865027999971062,6310035,2168979,23793269,0.34582230006344616
B+ agrupado,100000,122.19436470000073,NA,0.06566740013659,0.027820899849757552,0.5859787000808865,6496256,2355200,NA,1.317112599965185
B+ no agrupado,100000,231.35127260000445,NA,0.12873220001347363,0.12924209982156754,4.87010239996016,6352896,2211840,NA,2.6627376000396907
Extendible Hash,100000,10.019331200048327,1.265880199847743,0.013393500121310353,NA,17.476357199950144,6310035,2168979,23793261,0.2860355000011623
B+ agrupado,100000,118.8344457000494,NA,0.06162259983830154,0.03239710000343621,0.5735295999329537,6496256,2355200,NA,1.3156785001046956
B+ no agrupado,100000,99.14971759985201,NA,0.05180109990760684,0.043641400057822466,1.7629946002271026,6352896,2211840,NA,1.2929775000084192
Extendible Hash,100000,4.633102500112727,0.40010959981009364,0.005812300136312842,NA,7.310069400118664,6310035,2168979,23793253,0.11986129987053573
