tecnica,n_registros,repeticiones,tiempo_construccion_seg,tiempo_construccion_seg_std,tiempo_rango_1km_seg,tiempo_rango_1km_seg_std,tiempo_rango_5km_seg,tiempo_rango_5km_seg_std,tiempo_rango_10km_seg,tiempo_rango_10km_seg_std,tiempo_knn_10_seg,tiempo_knn_10_seg_std,tiempo_knn_50_seg,tiempo_knn_50_seg_std,tiempo_knn_100_seg,tiempo_knn_100_seg_std,espacio_indice_bytes,espacio_indice_bytes_std,memoria_pico_bytes,memoria_pico_bytes_std,nodos_visitados_rango,nodos_visitados_rango_std,nodos_visitados_knn,nodos_visitados_knn_std,resultados_rango_1km,resultados_rango_1km_std,resultados_rango_5km,resultados_rango_5km_std,resultados_rango_10km,resultados_rango_10km_std
Secuencial,1000,3,NA,NA,0.007138400332381328,0.000909164877022384,0.006975533333607019,0.001385614405718897,0.00792211466624091,0.003996759794564838,0.011382957332146663,0.00927532926047871,0.008000062333885581,0.0033224686632250637,0.00845951933413744,0.0014499852003941646,NA,NA,NA,NA,NA,NA,NA,NA,1.26,0.0,27.36,0.0,107.74,0.0
R-Tree,1000,3,0.43386556673794985,0.11805358849125529,0.00021663833409547804,7.68841900723985e-05,0.0011074890002297857,0.0005144337748299403,0.002863286666106432,0.0008767595889948466,0.0016510410017023483,0.0003035789887082411,0.004181989667316278,0.0015416424330041499,0.0064362476672977205,0.001963730660979427,49152.0,0.0,89997.0,0.0,3.74,0.0,4.76,0.0,1.26,0.0,27.36,0.0,107.74,0.0
GiST (PostGIS),1000,3,0.027775566714505356,0.004478007013646916,0.0014608713348085681,0.00032872983945386974,0.0013783356663770972,0.00030079718291832046,0.0016198396659456193,0.00030161132115591466,0.0013619439994605879,0.0001430390081533693,0.0015783606663656734,0.00013826074290966973,0.0017892570002004504,0.00016816308650023073,106496.0,0.0,NA,NA,NA,NA,NA,NA,1.26,0.0,27.36,0.0,107.74,0.0
Secuencial,10000,3,NA,NA,0.06238502566702664,0.0045337436880946436,0.07054108466642599,0.015446051007771508,0.06255393000164379,0.007981823585613428,0.0698512586664098,0.00961683075801136,0.06900231766669701,0.012730236883479051,0.0659285226666058,0.008515794775545128,NA,NA,NA,NA,NA,NA,NA,NA,10.48,0.0,266.27,0.0,1082.94,0.0
R-Tree,10000,3,4.665199766634032,0.5327042102980681,0.0005494926668082674,6.744001749532507e-05,0.007911090332393846,0.0014299881004564469,0.03033740199947109,0.0072830486161557,0.0030725486669689415,0.000627879309538622,0.004240136000638207,0.0001689340772498501,0.006695982666375736,0.0011714242297603498,344064.0,0.0,63037.0,0.0,10.073333333333334,0.0,4.206666666666667,0.0,10.48,0.0,266.27,0.0,1082.94,0.0
GiST (PostGIS),10000,3,0.20471359991158047,0.01622855216095633,0.0013210693335471053,0.0001413348404669756,0.002265703333541751,0.0001275659370850374,0.005231423000028978,0.0007063516072525434,0.001385195665837576,0.00018068967212454522,0.0019475023332051935,0.0005118262805371438,0.0023008713327969115,0.0006077202857197189,770048.0,14188.960215604242,NA,NA,NA,NA,NA,NA,10.48,0.0,266.27,0.0,1082.94,0.0
Secuencial,100000,3,NA,NA,0.9102103706674339,0.37843410839007696,1.124308013000215,0.3689139051535668,1.0895499436658185,0.39487026377620554,1.1209935686675212,0.4159673469680081,1.1295986770000308,0.4292414238294198,4.398542993666294,5.31616770727978,NA,NA,NA,NA,NA,NA,NA,NA,104.94,0.0,2665.54,0.0,10826.89,0.0
R-Tree,100000,3,88.43768303344648,39.7020011565695,0.0050429160008206965,0.002084681782729707,0.1179301133340535,0.03592960193934212,0.532098904667267,0.22103766330250457,0.005899787667052199,0.0032785695445749995,0.010031790665816515,0.0056515227542856435,0.014986556333800157,0.007837213221613775,3436544.0,0.0,129285.0,0.0,74.23,0.0,8.55,0.0,104.94,0.0,2665.54,0.0,10826.89,0.0
GiST (PostGIS),100000,3,1.705350866696487,0.6849819516279921,0.0030664130005364615,0.0015259234874743029,0.016358339001114167,0.0062873303209680905,0.04736641499989977,0.02285842767197304,0.002387535000064721,0.0010200883961129698,0.002430269333999604,0.0007193540991448514,0.003348343665711582,0.0013382602187260657,7561216.0,67054.40990717911,NA,NA,NA,NA,NA,NA,104.94,0.0,2665.54,0.0,10826.89,0.0
