tecnica,n_registros,repeticion,tiempo_construccion_seg,tiempo_rango_1km_seg,tiempo_rango_5km_seg,tiempo_rango_10km_seg,tiempo_knn_10_seg,tiempo_knn_50_seg,tiempo_knn_100_seg,espacio_indice_bytes,memoria_pico_bytes,nodos_visitados_rango,nodos_visitados_knn,resultados_rango_1km,resultados_rango_5km,resultados_rango_10km
Secuencial,1000,1,NA,0.003948016001377255,0.004003802000079304,0.0042984330002218485,0.004613556999247521,0.006920567001216114,0.013785333998966962,NA,NA,NA,NA,1.26,27.36,107.74
R-Tree,1000,1,0.6494744000956416,0.0002269789995625615,0.0010170889995060862,0.0029362020012922586,0.0017325979983434082,0.0033955370006151495,0.005204011001624167,49152,89997,3.74,4.76,1.26,27.36,107.74
GiST (PostGIS),1000,1,0.032490499783307314,0.001972972000949085,0.0014428099989891052,0.0019195179990492762,0.0026553239999338985,0.0025093320012092592,0.002738377000205219,106496,NA,NA,NA,1.26,27.36,107.74
Secuencial,1000,2,NA,0.007595365999732167,0.00641172599978745,0.006577395999338478,0.0060499310004524885,0.0058393370010890065,0.006059072001371533,NA,NA,NA,NA,1.26,27.36,107.74
R-Tree,1000,2,0.32841359986923635,0.00015961800003424286,0.0007004630006849766,0.0026033650012686847,0.0017407780000939965,0.003993400998879224,0.004530901000835002,49152,89997,3.74,4.76,1.26,27.36,107.74
GiST (PostGIS),1000,2,0.02089270018041134,0.0010106009989976883,0.0009805330005474388,0.001194363001268357,0.0011077010002918542,0.001593029999639839,0.0022618530015461147,106496,NA,NA,NA,1.26,27.36,107.74
Secuencial,1000,3,NA,0.0063815789995715026,0.005664740998763591,0.0066388459992595015,0.006401967001147568,0.005987869999371469,0.006086015999317169,NA,NA,NA,NA,1.26,27.36,107.74
R-Tree,1000,3,0.33440060005523264,0.00016578200040385128,0.0008318239985965193,0.0022920379997231066,0.0014988919999450445,0.0030049079982563853,0.0041580000007525085,49152,89997,3.74,4.76,1.26,27.36,107.74
GiST (PostGIS),1000,3,0.023964800173416734,0.0009830009983852505,0.0009827229985967278,0.0012067639990709722,0.0012282699998468162,0.0015199659997597336,0.001969405000563711,106496,NA,NA,NA,1.26,27.36,107.74
Secuencial,10000,1,NA,0.0650452690012753,0.0610173979983665,0.0825879430002533,0.07324103499995545,0.07515655899886042,0.07028320000041276,NA,NA,NA,NA,10.48,266.27,1082.94
R-Tree,10000,1,4.097685699816793,0.0009152689995244145,0.006904166999738663,0.03607823200058192,0.0022511060000397266,0.0039322700002230706,0.005145954999607056,344064,63037,10.073333333333334,4.206666666666667,10.48,266.27,1082.94
GiST (PostGIS),10000,1,0.2208396999631077,0.001287155000027269,0.0020333850011229515,0.0046482789982110265,0.0015379330003634096,0.001658143000677228,0.0020259770005941393,778240,NA,NA,NA,10.48,266.27,1082.94
Secuencial,10000,2,NA,0.06245555599918589,0.07516029299935326,0.06180661899968982,0.06082480899989605,0.08144946499960497,0.06545699700014666,NA,NA,NA,NA,10.48,266.27,1082.94
R-Tree,10000,2,4.697132400004193,0.0005440250015817582,0.0064470450021326545,0.028958841999992727,0.002818477000109851,0.004042873999569565,0.005964689999818802,344064,63037,10.073333333333334,4.206666666666667,10.48,266.27,1082.94
GiST (PostGIS),10000,2,0.18869860004633665,0.001124221000354737,0.0018571930006146431,0.004455947999376804,0.0012783020013011992,0.0016304300003685058,0.0019044029992073773,753664,NA,NA,NA,10.48,266.27,1082.94
Secuencial,10000,3,NA,0.0636619560001418,0.06086853199871257,0.06083393100183457,0.07046154000097886,0.06173162699909881,0.06384891599882395,NA,NA,NA,NA,10.48,266.27,1082.94
R-Tree,10000,3,4.287436600076035,0.000483345000538975,0.008084078000392765,0.0341177779994905,0.002825932998675853,0.004947226999793202,0.006323468999471516,344064,63037,10.073333333333334,4.206666666666667,10.48,266.27,1082.94
GiST (PostGIS),10000,3,0.26801130012609065,0.0019028119998984038,0.0025699669984169306,0.007044802999589592,0.0021325029991567136,0.002847193998750299,0.0031420799996703863,794624,NA,NA,NA,10.48,266.27,1082.94
Secuencial,100000,1,NA,0.6752459659986197,0.6002286809985526,0.6205283099994995,0.625166840001475,0.6511366110015661,0.6392156560020521,NA,NA,NA,NA,104.94,2665.54,10826.89
R-Tree,100000,1,53.82103749993257,0.004509380001109093,0.08558820199919864,0.3519573050015606,0.0045163129991851745,0.007781540001742542,0.011436485000886024,3436544,129285,74.23,8.55,104.94,2665.54,10826.89
GiST (PostGIS),100000,1,1.1228525000624359,0.002883760998956859,0.010779802000615745,0.042256825999356804,0.0017105369991622865,0.0020012379996478557,0.0023736099991947413,7495680,NA,NA,NA,104.94,2665.54,10826.89
Secuencial,100000,2,NA,0.8139233770011924,0.6148706789989956,0.607365729000885,0.6270337060000748,0.6914480270002968,0.6299243919993751,NA,NA,NA,NA,104.94,2665.54,10826.89
R-Tree,100000,2,53.315324800089,0.004076042999513447,0.08717525300104172,0.3765570780006237,0.004768404001370072,0.007746864999644458,0.010429034000262618,3436544,129285,74.23,8.55,104.94,2665.54,10826.89
GiST (PostGIS),100000,2,1.124468500027433,0.0017258020001463593,0.01004998299991712,0.036895031000021845,0.001685512000694871,0.00289393899962306,0.004066412998363376,7610368,NA,NA,NA,104.94,2665.54,10826.89
Secuencial,100000,3,NA,0.6576957020000554,0.6024025960010476,0.59104302899912,0.6142280870000831,0.6165721490001306,0.6229799859994091,NA,NA,NA,NA,104.94,2665.54,10826.89
R-Tree,100000,3,53.42122849985026,0.0033625479997135698,0.08891067299991846,0.35405397800030186,0.004279104999732226,0.006442160001024604,0.011264005000703037,3436544,129285,74.23,8.55,104.94,2665.54,10826.89
GiST (PostGIS),100000,3,1.5838226000778377,0.0035716779995709656,0.013772712999489158,0.03582945399917662,0.0016147179994732141,0.0022284590010531245,0.0030652829981409014,7405568,NA,NA,NA,104.94,2665.54,10826.89
