tecnica,n_registros,tiempo_insercion_seg,tiempo_busqueda_seg,tiempo_busqueda_post_reorg_seg,espacio_disco_bytes,espacio_post_reorg_bytes,tiempo_reorganizacion_seg,reorganizaciones_automaticas,paginas_aux_tras_carga
HeapFile,1000,0.15059730014763772,0.45527630019932985,NA,45056,NA,NA,NA,NA
SequentialFile,1000,0.334398299921304,0.012323000002652407,0.010971142910420895,45056,32768,0.0387380002066493,4,2
HeapFile,1000,0.158690300071612,0.47662049997597933,NA,45056,NA,NA,NA,NA
SequentialFile,1000,0.4460550001822412,0.014437499921768904,0.017043285936649357,45056,32768,0.07237949990667403,4,2
HeapFile,1000,0.19556109979748726,0.44160929997451603,NA,45056,NA,NA,NA,NA
SequentialFile,1000,0.2985956999473274,0.010390599956735969,0.008021857190345014,45056,32768,0.03550520003773272,4,2
HeapFile,10000,1.251743899891153,4.51267490000464,NA,417792,NA,NA,NA,NA
SequentialFile,10000,3.7385118000674993,0.01296700001694262,0.007891754636116195,446464,303104,0.11425699992105365,13,1
HeapFile,10000,1.1968564002308995,3.9325619000010192,NA,417792,NA,NA,NA,NA
SequentialFile,10000,3.198068300029263,0.011315400013700128,0.007422456289069694,446464,303104,0.11024629999883473,13,1
HeapFile,10000,1.2277456999290735,4.0087166000157595,NA,417792,NA,NA,NA,NA
SequentialFile,10000,3.3546001000795513,0.0071026000659912825,0.009268070080954777,446464,303104,0.11092799995094538,13,1
HeapFile,100000,12.185683900024742,37.773317199898884,NA,4141056,NA,NA,NA,NA
SequentialFile,100000,38.048306999960914,0.014310200000181794,0.009895245865231654,4395008,2994176,1.0315727998968214,31,1
HeapFile,100000,11.479420399991795,37.60159579990432,NA,4141056,NA,NA,NA,NA
SequentialFile,100000,34.86543869995512,0.007970999926328659,0.008271639158979792,4395008,2994176,1.280585499946028,31,1
HeapFile,100000,10.981507899938151,34.34288230002858,NA,4141056,NA,NA,NA,NA
SequentialFile,100000,36.07673430000432,0.013731000013649464,0.01633737701922655,4395008,2994176,1.1176316000055522,31,1
