tecnica,n_registros,repeticiones,tiempo_construccion_seg,tiempo_construccion_seg_std,tiempo_snapshot_seg,tiempo_snapshot_seg_std,tiempo_igualdad_seg,tiempo_igualdad_seg_std,tiempo_rango_seg,tiempo_rango_seg_std,tiempo_orden_seg,tiempo_orden_seg_std,espacio_total_bytes,espacio_total_bytes_std,espacio_adicional_bytes,espacio_adicional_bytes_std,memoria_estimada_bytes,memoria_estimada_bytes_std,tiempo_actualizaciones_seg,tiempo_actualizaciones_seg_std
B+ agrupado,200,1,0.1894132001325488,0.0,NA,NA,0.048877600114792585,0.0,0.027113000163808465,0.0,0.0021861998829990625,0.0,24576.0,0.0,12288.0,0.0,NA,NA,1.2687505001667887,0.0
B+ no agrupado,200,1,0.21794430003501475,0.0,NA,NA,0.08295619999989867,0.0,0.06080299988389015,0.0,0.008544100215658545,0.0,20480.0,0.0,8192.0,0.0,NA,NA,1.7375797999557108,0.0
Extendible Hash,200,1,0.006932100048288703,0.0,0.009011200163513422,0.0,0.007638399954885244,0.0,NA,NA,0.03483489993959665,0.0,15845.0,0.0,3557.0,0.0,49369.0,0.0,0.13589449995197356,0.0
B+ agrupado,1000,1,0.9453616000246257,0.0,NA,NA,0.057539999950677156,0.0,0.030963600147515535,0.0,0.0057490000035613775,0.0,73728.0,0.0,28672.0,0.0,NA,NA,1.4474305999465287,0.0
B+ no agrupado,1000,1,1.376938700210303,0.0,NA,NA,0.09189610020257533,0.0,0.09007250005379319,0.0,0.032676200149580836,0.0,73728.0,0.0,28672.0,0.0,NA,NA,2.446785500040278,0.0
Extendible Hash,1000,1,0.06515530007891357,0.0,0.015240499982610345,0.0,0.011470800032839179,0.0,NA,NA,0.07539019989781082,0.0,62935.0,0.0,17879.0,0.0,239845.0,0.0,0.44565570005215704,0.0
B+ agrupado,5000,1,4.899662199895829,0.0,NA,NA,0.06190189998596907,0.0,0.035840699914842844,0.0,0.03506720019504428,0.0,319488.0,0.0,110592.0,0.0,NA,NA,1.7158886999823153,0.0
B+ no agrupado,5000,1,6.794861800037324,0.0,NA,NA,0.07706180005334318,0.0,0.07572670001536608,0.0,0.15949740004725754,0.0,344064.0,0.0,135168.0,0.0,NA,NA,1.7296103001572192,0.0
Extendible Hash,5000,1,0.2855618998873979,0.0,0.04699840000830591,0.0,0.007807200076058507,0.0,NA,NA,0.5006875998806208,0.0,306375.0,0.0,97479.0,0.0,1191261.0,0.0,0.20204999996349216,0.0
